{
  "category": "Sports",
  "category_id": 22,
  "questions": [
    {
      "type": "multiple",
      "difficulty": "medium",
      "question": "Which German sportswear company&#039;s logo is the &#039;Formstripe&#039;?",
      "correct_answer": "Puma",
      "incorrect_answers": [
        {
          "id": 0,
          "answer": "Nike"
        },
        {
          "id": 1,
          "answer": "Adidas"
        },
        {
          "id": 2,
          "answer": "Reebok"
        }
      ],
      "id": 0
    },
    {
      "type": "multiple",
      "difficulty": "easy",
      "question": "Which team won the 2015-16 English Premier League?",
      "correct_answer": "Leicester City",
      "incorrect_answers": [
        {
          "id": 0,
          "answer": "Liverpool"
        },
        {
          "id": 1,
          "answer": "Cheslea"
        },
        {
          "id": 2,
          "answer": "Manchester United"
        }
      ],
      "id": 1
    },
    {
      "type": "multiple",
      "difficulty": "medium",
      "question": "What is the exact length of one non-curved part in Lane 1 of an Olympic Track?",
      "correct_answer": "84.39m",
      "incorrect_answers": [
        {
          "id": 0,
          "answer": "100m"
        },
        {
          "id": 1,
          "answer": "100yd"
        },
        {
          "id": 2,
          "answer": "109.36yd"
        }
      ],
      "id": 2
    },
    {
      "type": "multiple",
      "difficulty": "easy",
      "question": "Who did Steven Gerrard win the Champions League with?",
      "correct_answer": "Liverpool",
      "incorrect_answers": [
        {
          "id": 0,
          "answer": "Real Madrid"
        },
        {
          "id": 1,
          "answer": "Chelsea"
        },
        {
          "id": 2,
          "answer": "Man City"
        }
      ],
      "id": 3
    },
    {
      "type": "multiple",
      "difficulty": "medium",
      "question": "In a game of snooker, what colour ball is worth 3 points?",
      "correct_answer": "Green",
      "incorrect_answers": [
        {
          "id": 0,
          "answer": "Yellow"
        },
        {
          "id": 1,
          "answer": "Brown"
        },
        {
          "id": 2,
          "answer": "Blue"
        }
      ],
      "id": 4
    },
    {
      "type": "multiple",
      "difficulty": "medium",
      "question": "Josh Mansour is part of what NRL team?",
      "correct_answer": "Penrith Panthers",
      "incorrect_answers": [
        {
          "id": 0,
          "answer": "Melbourne Storm"
        },
        {
          "id": 1,
          "answer": "Sydney Roosters"
        },
        {
          "id": 2,
          "answer": "North Queensland Cowboys"
        }
      ],
      "id": 5
    },
    {
      "type": "boolean",
      "difficulty": "medium",
      "question": "ATP tennis hosted several tournaments on carpet court before being replaced to reduce injuries.",
      "correct_answer": true,
      "id": 6
    },
    {
      "type": "multiple",
      "difficulty": "medium",
      "question": "Who is Manchester United&#039;s top premier league goal scorer?",
      "correct_answer": "Wayne Rooney",
      "incorrect_answers": [
        {
          "id": 0,
          "answer": "Sir Bobby Charlton"
        },
        {
          "id": 1,
          "answer": "Ryan Giggs"
        },
        {
          "id": 2,
          "answer": "David Beckham"
        }
      ],
      "id": 7
    },
    {
      "type": "multiple",
      "difficulty": "easy",
      "question": "Who won the 2015 Formula 1 World Championship?",
      "correct_answer": "Lewis Hamilton",
      "incorrect_answers": [
        {
          "id": 0,
          "answer": "Nico Rosberg"
        },
        {
          "id": 1,
          "answer": "Sebastian Vettel"
        },
        {
          "id": 2,
          "answer": "Jenson Button"
        }
      ],
      "id": 8
    },
    {
      "type": "multiple",
      "difficulty": "medium",
      "question": "What is the highest belt you can get in Taekwondo?",
      "correct_answer": "Black",
      "incorrect_answers": [
        {
          "id": 0,
          "answer": "White"
        },
        {
          "id": 1,
          "answer": "Red"
        },
        {
          "id": 2,
          "answer": "Green"
        }
      ],
      "id": 9
    },
    {
      "type": "multiple",
      "difficulty": "easy",
      "question": "In Baseball, how many times does the ball have to be pitched outside of the strike zone before the batter is walked?",
      "correct_answer": "4",
      "incorrect_answers": [
        {
          "id": 0,
          "answer": "1"
        },
        {
          "id": 1,
          "answer": "2"
        },
        {
          "id": 2,
          "answer": "3"
        }
      ],
      "id": 10
    },
    {
      "type": "multiple",
      "difficulty": "medium",
      "question": "In what sport does Fanny Chmelar compete for Germany?",
      "correct_answer": "Skiing",
      "incorrect_answers": [
        {
          "id": 0,
          "answer": "Swimming"
        },
        {
          "id": 1,
          "answer": "Showjumping"
        },
        {
          "id": 2,
          "answer": "Gymnastics"
        }
      ],
      "id": 11
    },
    {
      "type": "multiple",
      "difficulty": "medium",
      "question": "What cricketing term denotes a batsman being dismissed with a score of zero?",
      "correct_answer": "Duck",
      "incorrect_answers": [
        {
          "id": 0,
          "answer": "Bye"
        },
        {
          "id": 1,
          "answer": "Beamer"
        },
        {
          "id": 2,
          "answer": "Carry"
        }
      ],
      "id": 12
    },
    {
      "type": "multiple",
      "difficulty": "easy",
      "question": "How many points did LeBron James score in his first NBA game?",
      "correct_answer": "25",
      "incorrect_answers": [
        {
          "id": 0,
          "answer": "19"
        },
        {
          "id": 1,
          "answer": "69"
        },
        {
          "id": 2,
          "answer": "41"
        }
      ],
      "id": 13
    },
    {
      "type": "multiple",
      "difficulty": "easy",
      "question": "Which boxer was banned for taking a bite out of Evander Holyfield&#039;s ear in 1997?",
      "correct_answer": "Mike Tyson",
      "incorrect_answers": [
        {
          "id": 0,
          "answer": "Roy Jones Jr."
        },
        {
          "id": 1,
          "answer": "Evander Holyfield"
        },
        {
          "id": 2,
          "answer": "Lennox Lewis"
        }
      ],
      "id": 14
    },
    {
      "type": "multiple",
      "difficulty": "medium",
      "question": "Which Formula 1 driver switched teams in the middle of the 2017 season?",
      "correct_answer": "Carlos Sainz Jr.",
      "incorrect_answers": [
        {
          "id": 0,
          "answer": "Daniil Kvyat"
        },
        {
          "id": 1,
          "answer": "Jolyon Palmer"
        },
        {
          "id": 2,
          "answer": "Rio Haryanto"
        }
      ],
      "id": 15
    },
    {
      "type": "multiple",
      "difficulty": "easy",
      "question": "What was the final score of the Germany vs. Brazil 2014 FIFA World Cup match?",
      "correct_answer": "7 - 1",
      "incorrect_answers": [
        {
          "id": 0,
          "answer": "0 - 1"
        },
        {
          "id": 1,
          "answer": "3 - 4"
        },
        {
          "id": 2,
          "answer": "16 - 0"
        }
      ],
      "id": 16
    },
    {
      "type": "multiple",
      "difficulty": "easy",
      "question": "&quot;Stadium of Light&quot; is the home stadium for which soccer team?",
      "correct_answer": "Sunderland FC",
      "incorrect_answers": [
        {
          "id": 0,
          "answer": "Barcelona FC"
        },
        {
          "id": 1,
          "answer": "Paris Saints-Germain"
        },
        {
          "id": 2,
          "answer": "Manchester United"
        }
      ],
      "id": 17
    },
    {
      "type": "multiple",
      "difficulty": "hard",
      "question": "With which doubles partner did John McEnroe have most success?",
      "correct_answer": "Peter Fleming",
      "incorrect_answers": [
        {
          "id": 0,
          "answer": "Mark Woodforde"
        },
        {
          "id": 1,
          "answer": "Michael Stich"
        },
        {
          "id": 2,
          "answer": "Mary Carillo"
        }
      ],
      "id": 18
    },
    {
      "type": "boolean",
      "difficulty": "medium",
      "question": "The Olympics tennis court is a giant green screen.",
      "correct_answer": true,
      "id": 19
    },
    {
      "type": "multiple",
      "difficulty": "easy",
      "question": "In bowling, what is the term used for getting three consecutive strikes?",
      "correct_answer": "Turkey",
      "incorrect_answers": [
        {
          "id": 0,
          "answer": "Flamingo"
        },
        {
          "id": 1,
          "answer": "Birdie"
        },
        {
          "id": 2,
          "answer": "Eagle"
        }
      ],
      "id": 20
    },
    {
      "type": "multiple",
      "difficulty": "easy",
      "question": "How many soccer players should be on the field at the same time?",
      "correct_answer": "22",
      "incorrect_answers": [
        {
          "id": 0,
          "answer": "20"
        },
        {
          "id": 1,
          "answer": "24"
        },
        {
          "id": 2,
          "answer": "26"
        }
      ],
      "id": 21
    },
    {
      "type": "multiple",
      "difficulty": "easy",
      "question": "Who won the UEFA Champions League in 2017?",
      "correct_answer": "Real Madrid C.F.",
      "incorrect_answers": [
        {
          "id": 0,
          "answer": "Atletico Madrid"
        },
        {
          "id": 1,
          "answer": "AS Monaco FC"
        },
        {
          "id": 2,
          "answer": "Juventus F.C."
        }
      ],
      "id": 22
    },
    {
      "type": "multiple",
      "difficulty": "hard",
      "question": "The Mazda 787B won the 24 Hours of Le Mans in what year?",
      "correct_answer": "1991",
      "incorrect_answers": [
        {
          "id": 0,
          "answer": "1990"
        },
        {
          "id": 1,
          "answer": "2000"
        },
        {
          "id": 2,
          "answer": "1987"
        }
      ],
      "id": 23
    },
    {
      "type": "multiple",
      "difficulty": "medium",
      "question": "Who was the top scorer of the 2014 FIFA World Cup?",
      "correct_answer": "James Rodr&iacute;guez",
      "incorrect_answers": [
        {
          "id": 0,
          "answer": "Thomas M&uuml;ller"
        },
        {
          "id": 1,
          "answer": "Lionel Messi"
        },
        {
          "id": 2,
          "answer": "Neymar"
        }
      ],
      "id": 24
    },
    {
      "type": "multiple",
      "difficulty": "medium",
      "question": "How many scoring zones are there on a conventional dart board?",
      "correct_answer": "82",
      "incorrect_answers": [
        {
          "id": 0,
          "answer": "62"
        },
        {
          "id": 1,
          "answer": "42"
        },
        {
          "id": 2,
          "answer": "102"
        }
      ],
      "id": 25
    },
    {
      "type": "multiple",
      "difficulty": "medium",
      "question": "Which nation hosted the FIFA World Cup in 2006?",
      "correct_answer": "Germany",
      "incorrect_answers": [
        {
          "id": 0,
          "answer": "United Kingdom"
        },
        {
          "id": 1,
          "answer": "Brazil"
        },
        {
          "id": 2,
          "answer": "South Africa"
        }
      ],
      "id": 26
    },
    {
      "type": "multiple",
      "difficulty": "easy",
      "question": "What year did the New Orleans Saints win the Super Bowl?",
      "correct_answer": "2010",
      "incorrect_answers": [
        {
          "id": 0,
          "answer": "2008"
        },
        {
          "id": 1,
          "answer": "2009"
        },
        {
          "id": 2,
          "answer": "2011"
        }
      ],
      "id": 27
    },
    {
      "type": "boolean",
      "difficulty": "medium",
      "question": "Soccer player Cristiano Ronaldo opened a museum dedicated to himself.",
      "correct_answer": true,
      "id": 28
    },
    {
      "type": "multiple",
      "difficulty": "hard",
      "question": "Which city features all of their professional sports teams&#039; jersey&#039;s with the same color scheme?",
      "correct_answer": "Pittsburgh",
      "incorrect_answers": [
        {
          "id": 0,
          "answer": "New York"
        },
        {
          "id": 1,
          "answer": "Seattle"
        },
        {
          "id": 2,
          "answer": "Tampa Bay"
        }
      ],
      "id": 29
    },
    {
      "type": "multiple",
      "difficulty": "easy",
      "question": "Which English football club has the nickname &#039;The Foxes&#039;?",
      "correct_answer": "Leicester City",
      "incorrect_answers": [
        {
          "id": 0,
          "answer": "Northampton Town"
        },
        {
          "id": 1,
          "answer": "Bradford City"
        },
        {
          "id": 2,
          "answer": "West Bromwich Albion"
        }
      ],
      "id": 30
    },
    {
      "type": "multiple",
      "difficulty": "easy",
      "question": "In what sport is a &quot;shuttlecock&quot; used?",
      "correct_answer": "Badminton",
      "incorrect_answers": [
        {
          "id": 0,
          "answer": "Table Tennis"
        },
        {
          "id": 1,
          "answer": "Rugby"
        },
        {
          "id": 2,
          "answer": "Cricket"
        }
      ],
      "id": 31
    },
    {
      "type": "multiple",
      "difficulty": "medium",
      "question": "The F1 season of 1994 is remembered for what tragic event?",
      "correct_answer": "Death of Ayrton Senna (San Marino)",
      "incorrect_answers": [
        {
          "id": 0,
          "answer": "The Showdown (Australia)"
        },
        {
          "id": 1,
          "answer": "Verstappen on Fire (Germany)"
        },
        {
          "id": 2,
          "answer": "Schumacher&#039;s Ban (Britain)"
        }
      ],
      "id": 32
    },
    {
      "type": "multiple",
      "difficulty": "medium",
      "question": "Which soccer team won the Copa Am&eacute;rica 2015 Championship ?",
      "correct_answer": "Chile",
      "incorrect_answers": [
        {
          "id": 0,
          "answer": "Argentina"
        },
        {
          "id": 1,
          "answer": "Brazil"
        },
        {
          "id": 2,
          "answer": "Paraguay"
        }
      ],
      "id": 33
    },
    {
      "type": "boolean",
      "difficulty": "medium",
      "question": "Formula E is an auto racing series that uses hybrid electric race cars.",
      "correct_answer": false,
      "id": 34
    },
    {
      "type": "multiple",
      "difficulty": "medium",
      "question": "What is the oldest team in the NFL?",
      "correct_answer": "Arizona Cardinals",
      "incorrect_answers": [
        {
          "id": 0,
          "answer": "Chicago Bears"
        },
        {
          "id": 1,
          "answer": "Green Bay Packers"
        },
        {
          "id": 2,
          "answer": "New York Giants"
        }
      ],
      "id": 35
    },
    {
      "type": "multiple",
      "difficulty": "hard",
      "question": "What is the full name of the footballer &quot;Cristiano Ronaldo&quot;?",
      "correct_answer": "Cristiano Ronaldo dos Santos Aveiro",
      "incorrect_answers": [
        {
          "id": 0,
          "answer": "Cristiano Ronaldo los Santos Diego"
        },
        {
          "id": 1,
          "answer": "Cristiano Armando Diego Ronaldo"
        },
        {
          "id": 2,
          "answer": "Cristiano Luis Armando Ronaldo"
        }
      ],
      "id": 36
    },
    {
      "type": "multiple",
      "difficulty": "medium",
      "question": "Who won the &quot;Champions League&quot; in 1999?",
      "correct_answer": "Manchester United",
      "incorrect_answers": [
        {
          "id": 0,
          "answer": "Barcelona"
        },
        {
          "id": 1,
          "answer": "Bayern Munich"
        },
        {
          "id": 2,
          "answer": "Liverpool"
        }
      ],
      "id": 37
    },
    {
      "type": "multiple",
      "difficulty": "easy",
      "question": "When was the first official international game played?",
      "correct_answer": "1872",
      "incorrect_answers": [
        {
          "id": 0,
          "answer": "1880"
        },
        {
          "id": 1,
          "answer": "1863"
        },
        {
          "id": 2,
          "answer": "1865"
        }
      ],
      "id": 38
    },
    {
      "type": "multiple",
      "difficulty": "hard",
      "question": "Which male player won the gold medal of table tennis singles in 2016 Olympics Games?",
      "correct_answer": "Ma Long (China)",
      "incorrect_answers": [
        {
          "id": 0,
          "answer": "Zhang Jike (China)"
        },
        {
          "id": 1,
          "answer": "Jun Mizutani (Japan)"
        },
        {
          "id": 2,
          "answer": "Vladimir Samsonov (Belarus)"
        }
      ],
      "id": 39
    },
    {
      "type": "multiple",
      "difficulty": "easy",
      "question": "In the 2014 FIFA World Cup, what was the final score in the match Brazil - Germany?",
      "correct_answer": "1-7",
      "incorrect_answers": [
        {
          "id": 0,
          "answer": "1-5"
        },
        {
          "id": 1,
          "answer": "1-6"
        },
        {
          "id": 2,
          "answer": "2-6"
        }
      ],
      "id": 40
    },
    {
      "type": "multiple",
      "difficulty": "easy",
      "question": "Which team won 2014 FIFA World Cup in Brazil?",
      "correct_answer": "Germany",
      "incorrect_answers": [
        {
          "id": 0,
          "answer": "Argentina"
        },
        {
          "id": 1,
          "answer": "Brazil"
        },
        {
          "id": 2,
          "answer": "Netherlands"
        }
      ],
      "id": 41
    },
    {
      "type": "multiple",
      "difficulty": "easy",
      "question": "Which player holds the NHL record of 2,857 points?",
      "correct_answer": "Wayne Gretzky",
      "incorrect_answers": [
        {
          "id": 0,
          "answer": "Mario Lemieux "
        },
        {
          "id": 1,
          "answer": "Sidney Crosby"
        },
        {
          "id": 2,
          "answer": "Gordie Howe"
        }
      ],
      "id": 42
    },
    {
      "type": "multiple",
      "difficulty": "easy",
      "question": "Who won the 2017 Formula One World Drivers&#039; Championship?",
      "correct_answer": "Lewis Hamilton",
      "incorrect_answers": [
        {
          "id": 0,
          "answer": "Sebastian Vettel"
        },
        {
          "id": 1,
          "answer": "Nico Rosberg"
        },
        {
          "id": 2,
          "answer": "Max Verstappen"
        }
      ],
      "id": 43
    },
    {
      "type": "multiple",
      "difficulty": "medium",
      "question": "Who won the 2015 College Football Playoff (CFP) National Championship? ",
      "correct_answer": "Ohio State Buckeyes",
      "incorrect_answers": [
        {
          "id": 0,
          "answer": "Alabama Crimson Tide"
        },
        {
          "id": 1,
          "answer": "Clemson Tigers"
        },
        {
          "id": 2,
          "answer": "Wisconsin Badgers"
        }
      ],
      "id": 44
    },
    {
      "type": "multiple",
      "difficulty": "medium",
      "question": "Which of the following pitchers was named National League Rookie of the Year for the 2013 season?",
      "correct_answer": "Jose Fernandez",
      "incorrect_answers": [
        {
          "id": 0,
          "answer": "Jacob deGrom"
        },
        {
          "id": 1,
          "answer": "Shelby Miller"
        },
        {
          "id": 2,
          "answer": "Matt Harvey"
        }
      ],
      "id": 45
    },
    {
      "type": "boolean",
      "difficulty": "medium",
      "question": "In 2008, Usain Bolt set the world record for the 100 meters with one shoelace untied.",
      "correct_answer": true,
      "id": 46
    },
    {
      "type": "multiple",
      "difficulty": "medium",
      "question": "What is the nickname of Northampton town&#039;s rugby union club?",
      "correct_answer": "Saints",
      "incorrect_answers": [
        {
          "id": 0,
          "answer": "Harlequins"
        },
        {
          "id": 1,
          "answer": "Saracens"
        },
        {
          "id": 2,
          "answer": "Wasps"
        }
      ],
      "id": 47
    },
    {
      "type": "multiple",
      "difficulty": "medium",
      "question": "What year was hockey legend Wayne Gretzky born?",
      "correct_answer": "1961",
      "incorrect_answers": [
        {
          "id": 0,
          "answer": "1965"
        },
        {
          "id": 1,
          "answer": "1959"
        },
        {
          "id": 2,
          "answer": "1963"
        }
      ],
      "id": 48
    },
    {
      "type": "multiple",
      "difficulty": "easy",
      "question": "Who is often called &quot;the Maestro&quot; in the men&#039;s tennis circuit?",
      "correct_answer": "Roger Federer",
      "incorrect_answers": [
        {
          "id": 0,
          "answer": "Bill Tilden"
        },
        {
          "id": 1,
          "answer": "Boris Becker"
        },
        {
          "id": 2,
          "answer": "Pete Sampras"
        }
      ],
      "id": 49
    },
    {
      "type": "boolean",
      "difficulty": "easy",
      "question": "Roger Federer is a famous soccer player.",
      "correct_answer": false,
      "id": 50
    },
    {
      "type": "multiple",
      "difficulty": "medium",
      "question": "What is the oldest team in Major League Baseball?",
      "correct_answer": "Atlanta Braves",
      "incorrect_answers": [
        {
          "id": 0,
          "answer": "Chicago Cubs"
        },
        {
          "id": 1,
          "answer": "Cincinnati Reds"
        },
        {
          "id": 2,
          "answer": "St. Louis Cardinals"
        }
      ],
      "id": 51
    },
    {
      "type": "multiple",
      "difficulty": "medium",
      "question": "Which car manufacturer won the 2017 24 Hours of Le Mans?",
      "correct_answer": "Porsche",
      "incorrect_answers": [
        {
          "id": 0,
          "answer": "Toyota"
        },
        {
          "id": 1,
          "answer": "Audi"
        },
        {
          "id": 2,
          "answer": "Chevrolet"
        }
      ],
      "id": 52
    },
    {
      "type": "multiple",
      "difficulty": "medium",
      "question": "At which bridge does the annual Oxford and Cambridge boat race start?",
      "correct_answer": "Putney",
      "incorrect_answers": [
        {
          "id": 0,
          "answer": "Hammersmith"
        },
        {
          "id": 1,
          "answer": "Vauxhall "
        },
        {
          "id": 2,
          "answer": "Battersea"
        }
      ],
      "id": 53
    },
    {
      "type": "multiple",
      "difficulty": "easy",
      "question": "The Los Angeles Dodgers were originally from what U.S. city?",
      "correct_answer": "Brooklyn",
      "incorrect_answers": [
        {
          "id": 0,
          "answer": "Las Vegas"
        },
        {
          "id": 1,
          "answer": "Boston"
        },
        {
          "id": 2,
          "answer": "Seattle"
        }
      ],
      "id": 54
    },
    {
      "type": "boolean",
      "difficulty": "medium",
      "question": "During Wimbledon, spectators in the grounds can buy the tennis balls that have been used in matches.",
      "correct_answer": true,
      "id": 55
    },
    {
      "type": "multiple",
      "difficulty": "hard",
      "question": "Who is Manchester United&#039;s leading appearance maker?",
      "correct_answer": "Ryan Giggs",
      "incorrect_answers": [
        {
          "id": 0,
          "answer": "David Beckham"
        },
        {
          "id": 1,
          "answer": "Wayne Rooney"
        },
        {
          "id": 2,
          "answer": "Eric Cantona"
        }
      ],
      "id": 56
    },
    {
      "type": "multiple",
      "difficulty": "easy",
      "question": "In golf, what name is given to a hole score of two under par?",
      "correct_answer": "Eagle",
      "incorrect_answers": [
        {
          "id": 0,
          "answer": "Birdie"
        },
        {
          "id": 1,
          "answer": "Bogey"
        },
        {
          "id": 2,
          "answer": "Albatross"
        }
      ],
      "id": 57
    },
    {
      "type": "multiple",
      "difficulty": "easy",
      "question": "Which country has hosted the 2018 FIFA World Cup?",
      "correct_answer": "Russia",
      "incorrect_answers": [
        {
          "id": 0,
          "answer": "Germany"
        },
        {
          "id": 1,
          "answer": "United States"
        },
        {
          "id": 2,
          "answer": "Saudi Arabia"
        }
      ],
      "id": 58
    },
    {
      "type": "multiple",
      "difficulty": "easy",
      "question": "What is the most common type of pitch thrown by pitchers in baseball?",
      "correct_answer": "Fastball",
      "incorrect_answers": [
        {
          "id": 0,
          "answer": "Slowball"
        },
        {
          "id": 1,
          "answer": "Screwball"
        },
        {
          "id": 2,
          "answer": "Palmball"
        }
      ],
      "id": 59
    },
    {
      "type": "multiple",
      "difficulty": "easy",
      "question": "What is the name of Manchester United&#039;s home stadium?",
      "correct_answer": "Old Trafford",
      "incorrect_answers": [
        {
          "id": 0,
          "answer": "Anfield"
        },
        {
          "id": 1,
          "answer": "City of Manchester Stadium"
        },
        {
          "id": 2,
          "answer": "St James Park"
        }
      ],
      "id": 60
    },
    {
      "type": "multiple",
      "difficulty": "hard",
      "question": "What is &ldquo;The Sport of Kings&rdquo;?",
      "correct_answer": "Horse Racing",
      "incorrect_answers": [
        {
          "id": 0,
          "answer": "Chess"
        },
        {
          "id": 1,
          "answer": "Jousting"
        },
        {
          "id": 2,
          "answer": "Fencing"
        }
      ],
      "id": 61
    },
    {
      "type": "boolean",
      "difficulty": "medium",
      "question": "Skateboarding will be included in the 2020 Summer Olympics in Tokyo.",
      "correct_answer": true,
      "id": 62
    },
    {
      "type": "multiple",
      "difficulty": "medium",
      "question": "How many French Open&#039;s did Bj&ouml;rn Borg win?",
      "correct_answer": "6",
      "incorrect_answers": [
        {
          "id": 0,
          "answer": "4"
        },
        {
          "id": 1,
          "answer": "9"
        },
        {
          "id": 2,
          "answer": "2"
        }
      ],
      "id": 63
    },
    {
      "type": "multiple",
      "difficulty": "medium",
      "question": "Who was the topscorer for England national football team?",
      "correct_answer": "Wayne Rooney",
      "incorrect_answers": [
        {
          "id": 0,
          "answer": "David Beckham"
        },
        {
          "id": 1,
          "answer": "Steven Gerrard"
        },
        {
          "id": 2,
          "answer": "Michael Owen"
        }
      ],
      "id": 64
    },
    {
      "type": "multiple",
      "difficulty": "medium",
      "question": "Which country did Kabaddi, a contact sport involving tackling, originate from?",
      "correct_answer": "India",
      "incorrect_answers": [
        {
          "id": 0,
          "answer": "Australia"
        },
        {
          "id": 1,
          "answer": "Turkey"
        },
        {
          "id": 2,
          "answer": "Cambodia"
        }
      ],
      "id": 65
    },
    {
      "type": "multiple",
      "difficulty": "hard",
      "question": "Which Italian footballer told Neuer where he&#039;s putting his shot and dragging it wide, during the match Italy-Germany, UEFA EURO 2016?",
      "correct_answer": "Pelle",
      "incorrect_answers": [
        {
          "id": 0,
          "answer": "Insigne"
        },
        {
          "id": 1,
          "answer": "Barzagli"
        },
        {
          "id": 2,
          "answer": "Giaccherini"
        }
      ],
      "id": 66
    },
    {
      "type": "multiple",
      "difficulty": "hard",
      "question": "What tool lends it&#039;s name to a last-stone advantage in an end in Curling?",
      "correct_answer": "Hammer",
      "incorrect_answers": [
        {
          "id": 0,
          "answer": "Wrench"
        },
        {
          "id": 1,
          "answer": "Drill"
        },
        {
          "id": 2,
          "answer": "Screwdriver"
        }
      ],
      "id": 67
    },
    {
      "type": "multiple",
      "difficulty": "easy",
      "question": "Which country will host the 2020 Summer Olympics?",
      "correct_answer": "Japan",
      "incorrect_answers": [
        {
          "id": 0,
          "answer": "China"
        },
        {
          "id": 1,
          "answer": "Australia"
        },
        {
          "id": 2,
          "answer": "Germany"
        }
      ],
      "id": 68
    },
    {
      "type": "multiple",
      "difficulty": "easy",
      "question": "Which city did the former NHL team &quot;The Nordiques&quot; originiate from?",
      "correct_answer": "Quebec City",
      "incorrect_answers": [
        {
          "id": 0,
          "answer": "Houston"
        },
        {
          "id": 1,
          "answer": "Montreal"
        },
        {
          "id": 2,
          "answer": "New York"
        }
      ],
      "id": 69
    },
    {
      "type": "multiple",
      "difficulty": "medium",
      "question": "Which basketball team has attended the most NBA grand finals?",
      "correct_answer": "Los Angeles Lakers",
      "incorrect_answers": [
        {
          "id": 0,
          "answer": "Boston Celtics"
        },
        {
          "id": 1,
          "answer": "Philadelphia 76ers"
        },
        {
          "id": 2,
          "answer": "Golden State Warriors"
        }
      ],
      "id": 70
    },
    {
      "type": "multiple",
      "difficulty": "medium",
      "question": "Which soccer team won the Copa Am&eacute;rica Centenario 2016?",
      "correct_answer": "Chile",
      "incorrect_answers": [
        {
          "id": 0,
          "answer": "Argentina"
        },
        {
          "id": 1,
          "answer": "Brazil"
        },
        {
          "id": 2,
          "answer": "Colombia"
        }
      ],
      "id": 71
    },
    {
      "type": "multiple",
      "difficulty": "easy",
      "question": "Who won the premier league title in the 2015-2016 season following a fairy tale run?",
      "correct_answer": "Leicester City",
      "incorrect_answers": [
        {
          "id": 0,
          "answer": "Tottenham Hotspur"
        },
        {
          "id": 1,
          "answer": "Watford"
        },
        {
          "id": 2,
          "answer": "Stoke City"
        }
      ],
      "id": 72
    },
    {
      "type": "multiple",
      "difficulty": "medium",
      "question": "Which professional wrestler fell from the rafters to his death during a live Pay-Per-View event in 1999?",
      "correct_answer": "Owen Hart",
      "incorrect_answers": [
        {
          "id": 0,
          "answer": "Chris Benoit"
        },
        {
          "id": 1,
          "answer": "Lex Luger"
        },
        {
          "id": 2,
          "answer": "Al Snow"
        }
      ],
      "id": 73
    },
    {
      "type": "multiple",
      "difficulty": "medium",
      "question": "Who won the 2011 Stanley Cup?",
      "correct_answer": "Boston Bruins",
      "incorrect_answers": [
        {
          "id": 0,
          "answer": "Montreal Canadiens"
        },
        {
          "id": 1,
          "answer": "New York Rangers"
        },
        {
          "id": 2,
          "answer": "Toronto Maple Leafs"
        }
      ],
      "id": 74
    },
    {
      "type": "multiple",
      "difficulty": "hard",
      "question": "What team did England beat in the semi-final stage to win in the 1966 World Cup final?",
      "correct_answer": "Portugal",
      "incorrect_answers": [
        {
          "id": 0,
          "answer": "West Germany"
        },
        {
          "id": 1,
          "answer": "Soviet Union"
        },
        {
          "id": 2,
          "answer": "Brazil"
        }
      ],
      "id": 75
    },
    {
      "type": "boolean",
      "difficulty": "easy",
      "question": "There are a total of 20 races in Formula One 2016 season.",
      "correct_answer": false,
      "id": 76
    },
    {
      "type": "multiple",
      "difficulty": "medium",
      "question": "Which country is hosting the 2022 FIFA World Cup?",
      "correct_answer": "Qatar",
      "incorrect_answers": [
        {
          "id": 0,
          "answer": "Uganda"
        },
        {
          "id": 1,
          "answer": "Vietnam"
        },
        {
          "id": 2,
          "answer": "Bolivia"
        }
      ],
      "id": 77
    },
    {
      "type": "multiple",
      "difficulty": "medium",
      "question": "Which team was the 2015-2016 NBA Champions?",
      "correct_answer": "Cleveland Cavaliers",
      "incorrect_answers": [
        {
          "id": 0,
          "answer": "Golden State Warriors"
        },
        {
          "id": 1,
          "answer": "Toronto Raptors"
        },
        {
          "id": 2,
          "answer": "Oklahoma City Thunders"
        }
      ],
      "id": 78
    },
    {
      "type": "multiple",
      "difficulty": "easy",
      "question": "Which of the following sports is not part of the triathlon?",
      "correct_answer": "Horse-Riding",
      "incorrect_answers": [
        {
          "id": 0,
          "answer": "Cycling"
        },
        {
          "id": 1,
          "answer": "Swimming"
        },
        {
          "id": 2,
          "answer": "Running"
        }
      ],
      "id": 79
    },
    {
      "type": "multiple",
      "difficulty": "easy",
      "question": "What team won the 2016 MLS Cup?",
      "correct_answer": "Seattle Sounders",
      "incorrect_answers": [
        {
          "id": 0,
          "answer": "Colorado Rapids"
        },
        {
          "id": 1,
          "answer": "Toronto FC"
        },
        {
          "id": 2,
          "answer": "Montreal Impact"
        }
      ],
      "id": 80
    },
    {
      "type": "multiple",
      "difficulty": "medium",
      "question": "In 2016, who won the Formula 1 World Constructor&#039;s Championship for the third time in a row?",
      "correct_answer": "Mercedes-AMG Petronas",
      "incorrect_answers": [
        {
          "id": 0,
          "answer": "Scuderia Ferrari"
        },
        {
          "id": 1,
          "answer": "McLaren Honda"
        },
        {
          "id": 2,
          "answer": "Red Bull Racing Renault"
        }
      ],
      "id": 81
    },
    {
      "type": "multiple",
      "difficulty": "hard",
      "question": "The AHL affiliate team of the Boston Bruins is named what?",
      "correct_answer": "Providence Bruins",
      "incorrect_answers": [
        {
          "id": 0,
          "answer": "New Haven Bruins"
        },
        {
          "id": 1,
          "answer": "Cambridge Bruins"
        },
        {
          "id": 2,
          "answer": "Hartford Bruins"
        }
      ],
      "id": 82
    },
    {
      "type": "multiple",
      "difficulty": "hard",
      "question": "Which player &quot;kung-fu kicked&quot; a Crystal Palace fan in January 1995?",
      "correct_answer": "Eric Cantona",
      "incorrect_answers": [
        {
          "id": 0,
          "answer": "David Seamen"
        },
        {
          "id": 1,
          "answer": "Ashley Cole"
        },
        {
          "id": 2,
          "answer": "Mark Hughes"
        }
      ],
      "id": 83
    },
    {
      "type": "multiple",
      "difficulty": "hard",
      "question": "Which of these Russian cities did NOT contain a stadium that was used in the 2018 FIFA World Cup?",
      "correct_answer": "Vladivostok",
      "incorrect_answers": [
        {
          "id": 0,
          "answer": "Rostov-on-Don"
        },
        {
          "id": 1,
          "answer": "Yekaterinburg"
        },
        {
          "id": 2,
          "answer": "Kaliningrad"
        }
      ],
      "id": 84
    },
    {
      "type": "multiple",
      "difficulty": "easy",
      "question": "Who won the 2016 Formula 1 World Driver&#039;s Championship?",
      "correct_answer": "Nico Rosberg",
      "incorrect_answers": [
        {
          "id": 0,
          "answer": "Lewis Hamilton"
        },
        {
          "id": 1,
          "answer": "Max Verstappen"
        },
        {
          "id": 2,
          "answer": "Kimi Raikkonen"
        }
      ],
      "id": 85
    },
    {
      "type": "multiple",
      "difficulty": "easy",
      "question": "What team did England beat to win in the 1966 World Cup final?",
      "correct_answer": "West Germany",
      "incorrect_answers": [
        {
          "id": 0,
          "answer": "Soviet Union"
        },
        {
          "id": 1,
          "answer": "Portugal"
        },
        {
          "id": 2,
          "answer": "Brazil"
        }
      ],
      "id": 86
    },
    {
      "type": "multiple",
      "difficulty": "easy",
      "question": "Which African American is in part responsible for integrating  Major League baseball?",
      "correct_answer": "Jackie Robinson",
      "incorrect_answers": [
        {
          "id": 0,
          "answer": "Curt Flood"
        },
        {
          "id": 1,
          "answer": "Roy Campanella"
        },
        {
          "id": 2,
          "answer": "Satchell Paige"
        }
      ],
      "id": 87
    },
    {
      "type": "multiple",
      "difficulty": "medium",
      "question": "In Formula 1, the Virtual Safety Car was introduced following the fatal crash of which driver?",
      "correct_answer": "Jules Bianchi",
      "incorrect_answers": [
        {
          "id": 0,
          "answer": "Ayrton Senna"
        },
        {
          "id": 1,
          "answer": "Ronald Ratzenberger"
        },
        {
          "id": 2,
          "answer": "Gilles Villeneuve"
        }
      ],
      "id": 88
    },
    {
      "type": "multiple",
      "difficulty": "easy",
      "question": "Which country will host the 2022 FIFA World Cup?",
      "correct_answer": "Qatar",
      "incorrect_answers": [
        {
          "id": 0,
          "answer": "USA"
        },
        {
          "id": 1,
          "answer": "Japan"
        },
        {
          "id": 2,
          "answer": "Switzerland"
        }
      ],
      "id": 89
    },
    {
      "type": "multiple",
      "difficulty": "medium",
      "question": "Which of these teams isn&#039;t a member of the NHL&#039;s &quot;Original Six&quot; era?",
      "correct_answer": "Philadelphia Flyers",
      "incorrect_answers": [
        {
          "id": 0,
          "answer": "New York Rangers"
        },
        {
          "id": 1,
          "answer": "Toronto Maple Leafs"
        },
        {
          "id": 2,
          "answer": "Boston Bruins"
        }
      ],
      "id": 90
    },
    {
      "type": "multiple",
      "difficulty": "easy",
      "question": "Which driver has been the Formula 1 world champion for a record 7 times?",
      "correct_answer": "Michael Schumacher",
      "incorrect_answers": [
        {
          "id": 0,
          "answer": "Ayrton Senna"
        },
        {
          "id": 1,
          "answer": "Fernando Alonso"
        },
        {
          "id": 2,
          "answer": "Jim Clark"
        }
      ],
      "id": 91
    },
    {
      "type": "multiple",
      "difficulty": "easy",
      "question": "Which year did Jenson Button won his first ever Formula One World Drivers&#039; Championship?",
      "correct_answer": "2009",
      "incorrect_answers": [
        {
          "id": 0,
          "answer": "2010"
        },
        {
          "id": 1,
          "answer": "2007"
        },
        {
          "id": 2,
          "answer": "2006"
        }
      ],
      "id": 92
    },
    {
      "type": "multiple",
      "difficulty": "medium",
      "question": "What is the name of the AHL affiliate of the Toronto Maple Leafs?",
      "correct_answer": "Toronto Marlies",
      "incorrect_answers": [
        {
          "id": 0,
          "answer": "Toronto Rock"
        },
        {
          "id": 1,
          "answer": "Toronto Argonauts"
        },
        {
          "id": 2,
          "answer": "Toronto Wolfpack"
        }
      ],
      "id": 93
    },
    {
      "type": "multiple",
      "difficulty": "easy",
      "question": "When was the FC Schalke 04 founded?",
      "correct_answer": "1904",
      "incorrect_answers": [
        {
          "id": 0,
          "answer": "1909"
        },
        {
          "id": 1,
          "answer": "2008"
        },
        {
          "id": 2,
          "answer": "1999"
        }
      ],
      "id": 94
    },
    {
      "type": "multiple",
      "difficulty": "hard",
      "question": "In Canadian football, scoring a rouge is worth how many points?",
      "correct_answer": "1",
      "incorrect_answers": [
        {
          "id": 0,
          "answer": "2"
        },
        {
          "id": 1,
          "answer": "3"
        },
        {
          "id": 2,
          "answer": "4"
        }
      ],
      "id": 95
    },
    {
      "type": "multiple",
      "difficulty": "medium",
      "question": "Which team was the 2014-2015 NBA Champions?",
      "correct_answer": "Golden State Warriors",
      "incorrect_answers": [
        {
          "id": 0,
          "answer": "Cleveland Cavaliers"
        },
        {
          "id": 1,
          "answer": "Houston Rockets"
        },
        {
          "id": 2,
          "answer": "Atlanta Hawks"
        }
      ],
      "id": 96
    },
    {
      "type": "multiple",
      "difficulty": "medium",
      "question": "Which portuguese island is soccer player Cristiano Ronaldo from?",
      "correct_answer": "Madeira",
      "incorrect_answers": [
        {
          "id": 0,
          "answer": "Terceira"
        },
        {
          "id": 1,
          "answer": "Santa Maria"
        },
        {
          "id": 2,
          "answer": "Porto Santo"
        }
      ],
      "id": 97
    },
    {
      "type": "multiple",
      "difficulty": "hard",
      "question": "Which year was the third Super Bowl held?",
      "correct_answer": "1969",
      "incorrect_answers": [
        {
          "id": 0,
          "answer": "1968"
        },
        {
          "id": 1,
          "answer": "1971"
        },
        {
          "id": 2,
          "answer": "1970"
        }
      ],
      "id": 98
    },
    {
      "type": "multiple",
      "difficulty": "medium",
      "question": "Which NBA player won Most Valuable Player for the 1999-2000 season?",
      "correct_answer": "Shaquille O&#039;Neal",
      "incorrect_answers": [
        {
          "id": 0,
          "answer": "Allen Iverson"
        },
        {
          "id": 1,
          "answer": "Kobe Bryant"
        },
        {
          "id": 2,
          "answer": "Paul Pierce"
        }
      ],
      "id": 99
    },
    {
      "type": "multiple",
      "difficulty": "medium",
      "question": "What is Tiger Woods&#039; all-time best career golf-score?",
      "correct_answer": "61",
      "incorrect_answers": [
        {
          "id": 0,
          "answer": "65"
        },
        {
          "id": 1,
          "answer": "63"
        },
        {
          "id": 2,
          "answer": "67"
        }
      ],
      "id": 100
    },
    {
      "type": "multiple",
      "difficulty": "hard",
      "question": "How many times did Martina Navratilova win the Wimbledon Singles Championship?",
      "correct_answer": "Nine",
      "incorrect_answers": [
        {
          "id": 0,
          "answer": "Ten"
        },
        {
          "id": 1,
          "answer": "Seven"
        },
        {
          "id": 2,
          "answer": "Eight"
        }
      ],
      "id": 101
    },
    {
      "type": "boolean",
      "difficulty": "easy",
      "question": "In Rugby League, performing a &quot;40-20&quot; is punished by a free kick for the opposing team.",
      "correct_answer": false,
      "id": 102
    },
    {
      "type": "multiple",
      "difficulty": "medium",
      "question": "A stimpmeter measures the speed of a ball over what surface?",
      "correct_answer": "Golf Putting Green",
      "incorrect_answers": [
        {
          "id": 0,
          "answer": " Football Pitch"
        },
        {
          "id": 1,
          "answer": "Cricket Outfield"
        },
        {
          "id": 2,
          "answer": "Pinball Table"
        }
      ],
      "id": 103
    },
    {
      "type": "multiple",
      "difficulty": "easy",
      "question": "In baseball, how many fouls are an out?",
      "correct_answer": "0",
      "incorrect_answers": [
        {
          "id": 0,
          "answer": "5"
        },
        {
          "id": 1,
          "answer": "3"
        },
        {
          "id": 2,
          "answer": "2"
        }
      ],
      "id": 104
    },
    {
      "type": "multiple",
      "difficulty": "medium",
      "question": "Which car manufacturer won the 2016 24 Hours of Le Mans?",
      "correct_answer": "Porsche",
      "incorrect_answers": [
        {
          "id": 0,
          "answer": "Toyota"
        },
        {
          "id": 1,
          "answer": "Audi"
        },
        {
          "id": 2,
          "answer": "Ferrari"
        }
      ],
      "id": 105
    },
    {
      "type": "multiple",
      "difficulty": "medium",
      "question": "With which team did Michael Schumacher make his Formula One debut at the 1991 Belgian Grand Prix?",
      "correct_answer": "Jordan",
      "incorrect_answers": [
        {
          "id": 0,
          "answer": "Benetton"
        },
        {
          "id": 1,
          "answer": "Ferrari"
        },
        {
          "id": 2,
          "answer": "Mercedes"
        }
      ],
      "id": 106
    },
    {
      "type": "multiple",
      "difficulty": "easy",
      "question": "The Rio 2016 Summer Olympics held it&#039;s closing ceremony on what date?",
      "correct_answer": "August 21",
      "incorrect_answers": [
        {
          "id": 0,
          "answer": "August 23"
        },
        {
          "id": 1,
          "answer": "August 19"
        },
        {
          "id": 2,
          "answer": "August 17"
        }
      ],
      "id": 107
    },
    {
      "type": "multiple",
      "difficulty": "easy",
      "question": "Who won the UEFA Champions League in 2016?",
      "correct_answer": "Real Madrid C.F.",
      "incorrect_answers": [
        {
          "id": 0,
          "answer": "FC Bayern Munich"
        },
        {
          "id": 1,
          "answer": "Atletico Madrid"
        },
        {
          "id": 2,
          "answer": "Manchester City F.C."
        }
      ],
      "id": 108
    },
    {
      "type": "multiple",
      "difficulty": "medium",
      "question": "Who won the 2018 Monaco Grand Prix?",
      "correct_answer": "Daniel Ricciardo",
      "incorrect_answers": [
        {
          "id": 0,
          "answer": "Sebastian Vettel"
        },
        {
          "id": 1,
          "answer": "Kimi Raikkonen"
        },
        {
          "id": 2,
          "answer": "Lewis Hamilton"
        }
      ],
      "id": 109
    },
    {
      "type": "boolean",
      "difficulty": "easy",
      "question": "Peyton Manning retired after winning Super Bowl XLIX.",
      "correct_answer": false,
      "id": 110
    },
    {
      "type": "boolean",
      "difficulty": "easy",
      "question": "Manchester United won the 2013-14 English Premier League.",
      "correct_answer": false,
      "id": 111
    },
    {
      "type": "multiple",
      "difficulty": "hard",
      "question": "Where was the Games of the XXII Olympiad held?",
      "correct_answer": "Moscow",
      "incorrect_answers": [
        {
          "id": 0,
          "answer": "Barcelona"
        },
        {
          "id": 1,
          "answer": "Tokyo"
        },
        {
          "id": 2,
          "answer": "Los Angeles"
        }
      ],
      "id": 112
    },
    {
      "type": "multiple",
      "difficulty": "medium",
      "question": "Which of these countries&#039; national teams qualified for the 2018 FIFA World Cup in Russia?",
      "correct_answer": "Tunisia",
      "incorrect_answers": [
        {
          "id": 0,
          "answer": "United States of America"
        },
        {
          "id": 1,
          "answer": "Italy"
        },
        {
          "id": 2,
          "answer": "Netherlands"
        }
      ],
      "id": 113
    },
    {
      "type": "multiple",
      "difficulty": "hard",
      "question": "Which English football team is nicknamed &#039;The Tigers&#039;?",
      "correct_answer": "Hull City",
      "incorrect_answers": [
        {
          "id": 0,
          "answer": "Cardiff City"
        },
        {
          "id": 1,
          "answer": "Bristol City"
        },
        {
          "id": 2,
          "answer": "Manchester City"
        }
      ],
      "id": 114
    },
    {
      "type": "multiple",
      "difficulty": "medium",
      "question": "Which Formula One driver was nicknamed &#039;The Professor&#039;?",
      "correct_answer": "Alain Prost",
      "incorrect_answers": [
        {
          "id": 0,
          "answer": "Ayrton Senna"
        },
        {
          "id": 1,
          "answer": "Niki Lauda"
        },
        {
          "id": 2,
          "answer": "Emerson Fittipaldi"
        }
      ],
      "id": 115
    },
    {
      "type": "multiple",
      "difficulty": "medium",
      "question": "What national team won the 2016 edition of UEFA European Championship?",
      "correct_answer": "Portugal",
      "incorrect_answers": [
        {
          "id": 0,
          "answer": "France"
        },
        {
          "id": 1,
          "answer": "Germany"
        },
        {
          "id": 2,
          "answer": "England"
        }
      ],
      "id": 116
    },
    {
      "type": "multiple",
      "difficulty": "medium",
      "question": "Which of the following Grand Slam tennis tournaments occurs LAST?",
      "correct_answer": "US Open",
      "incorrect_answers": [
        {
          "id": 0,
          "answer": "French Open"
        },
        {
          "id": 1,
          "answer": "Wimbledon"
        },
        {
          "id": 2,
          "answer": "Australian Open"
        }
      ],
      "id": 117
    },
    {
      "type": "boolean",
      "difficulty": "medium",
      "question": "Wilt Chamberlain scored his infamous 100-point-game against the New York Knicks in 1962.",
      "correct_answer": true,
      "id": 118
    },
    {
      "type": "multiple",
      "difficulty": "medium",
      "question": "Which sport is NOT traditionally played during the Mongolian Naadam festival?",
      "correct_answer": "American Football",
      "incorrect_answers": [
        {
          "id": 0,
          "answer": "Wrestling"
        },
        {
          "id": 1,
          "answer": "Archery"
        },
        {
          "id": 2,
          "answer": "Horse-Racing"
        }
      ],
      "id": 119
    },
    {
      "type": "multiple",
      "difficulty": "medium",
      "question": "What country hosted the 2014 Winter Olympics?",
      "correct_answer": "Russia",
      "incorrect_answers": [
        {
          "id": 0,
          "answer": "Canada"
        },
        {
          "id": 1,
          "answer": "United States"
        },
        {
          "id": 2,
          "answer": "Germany"
        }
      ],
      "id": 120
    },
    {
      "type": "multiple",
      "difficulty": "medium",
      "question": "Who was the British professional wrestler Shirley Crabtree better known as?",
      "correct_answer": "Big Daddy",
      "incorrect_answers": [
        {
          "id": 0,
          "answer": "Giant Haystacks"
        },
        {
          "id": 1,
          "answer": "Kendo Nagasaki"
        },
        {
          "id": 2,
          "answer": "Masambula"
        }
      ],
      "id": 121
    },
    {
      "type": "boolean",
      "difficulty": "easy",
      "question": "In association football, or soccer, a corner kick is when the game restarts after someone scores a goal.",
      "correct_answer": false,
      "id": 122
    },
    {
      "type": "multiple",
      "difficulty": "medium",
      "question": "Why was The Green Monster at Fenway Park was originally built?",
      "correct_answer": "To prevent viewing games from outside the park.",
      "incorrect_answers": [
        {
          "id": 0,
          "answer": "To make getting home runs harder."
        },
        {
          "id": 1,
          "answer": "To display advertisements."
        },
        {
          "id": 2,
          "answer": "To provide extra seating."
        }
      ],
      "id": 123
    },
    {
      "type": "multiple",
      "difficulty": "medium",
      "question": "Which of the following player scored a hat-trick during their Manchester United debut?",
      "correct_answer": "Wayne Rooney",
      "incorrect_answers": [
        {
          "id": 0,
          "answer": "Cristiano Ronaldo"
        },
        {
          "id": 1,
          "answer": "Robin Van Persie"
        },
        {
          "id": 2,
          "answer": "David Beckham"
        }
      ],
      "id": 124
    },
    {
      "type": "multiple",
      "difficulty": "medium",
      "question": "Which NBA player has the most games played over the course of their career?",
      "correct_answer": "Robert Parish",
      "incorrect_answers": [
        {
          "id": 0,
          "answer": "Kareem Abdul-Jabbar"
        },
        {
          "id": 1,
          "answer": "Kevin Garnett"
        },
        {
          "id": 2,
          "answer": "Kobe Bryant"
        }
      ],
      "id": 125
    },
    {
      "type": "boolean",
      "difficulty": "medium",
      "question": "Tennis was once known as Racquetball.",
      "correct_answer": false,
      "id": 126
    },
    {
      "type": "multiple",
      "difficulty": "easy",
      "question": "Which team has won the most Stanley Cups in the NHL?",
      "correct_answer": "Montreal Canadians",
      "incorrect_answers": [
        {
          "id": 0,
          "answer": "Chicago Blackhawks"
        },
        {
          "id": 1,
          "answer": "Toronto Maple Leafs"
        },
        {
          "id": 2,
          "answer": "Detroit Red Wings"
        }
      ],
      "id": 127
    },
    {
      "type": "multiple",
      "difficulty": "medium",
      "question": "How many premier league trophies did Sir Alex Ferguson win during his time at Manchester United?",
      "correct_answer": "13",
      "incorrect_answers": [
        {
          "id": 0,
          "answer": "11"
        },
        {
          "id": 1,
          "answer": "20"
        },
        {
          "id": 2,
          "answer": "22"
        }
      ],
      "id": 128
    },
    {
      "type": "multiple",
      "difficulty": "hard",
      "question": "Which car company is the only Japanese company which won the 24 Hours of Le Mans?",
      "correct_answer": "Mazda",
      "incorrect_answers": [
        {
          "id": 0,
          "answer": "Toyota"
        },
        {
          "id": 1,
          "answer": "Subaru"
        },
        {
          "id": 2,
          "answer": "Nissan"
        }
      ],
      "id": 129
    },
    {
      "type": "multiple",
      "difficulty": "easy",
      "question": "This Canadian television sportscaster is known for his &quot;Hockey Night in Canada&quot; role, a commentary show during hockey games.",
      "correct_answer": "Don Cherry",
      "incorrect_answers": [
        {
          "id": 0,
          "answer": "Don McKellar"
        },
        {
          "id": 1,
          "answer": "Don Taylor "
        },
        {
          "id": 2,
          "answer": "Donald Sutherland"
        }
      ],
      "id": 130
    }
  ]
}