{
  "category": "Animals",
  "category_id": 0,
  "questions": [
    {
      "type": "boolean",
      "difficulty": "easy",
      "question": "In 2016, the IUCN reclassified the status of Giant Pandas from endangered to vulnerable.",
      "correct_answer": "True",
      "incorrect_answers": [
        {
          "id": 0,
          "answer": "False"
        }
      ],
      "id": 0
    },
    {
      "type": "multiple",
      "difficulty": "hard",
      "question": "What bird is born with claws on its wing digits?",
      "correct_answer": "Hoatzin",
      "incorrect_answers": [
        {
          "id": 0,
          "answer": "Cormorant"
        },
        {
          "id": 1,
          "answer": "Cassowary"
        },
        {
          "id": 2,
          "answer": "Secretary bird"
        }
      ],
      "id": 1
    },
    {
      "type": "multiple",
      "difficulty": "medium",
      "question": "What color/colour is a polar bear&#039;s skin?",
      "correct_answer": "Black",
      "incorrect_answers": [
        {
          "id": 0,
          "answer": "White"
        },
        {
          "id": 1,
          "answer": "Pink"
        },
        {
          "id": 2,
          "answer": "Green"
        }
      ],
      "id": 2
    },
    {
      "type": "multiple",
      "difficulty": "easy",
      "question": "How many legs do butterflies have?",
      "correct_answer": "6",
      "incorrect_answers": [
        {
          "id": 0,
          "answer": "2"
        },
        {
          "id": 1,
          "answer": "4"
        },
        {
          "id": 2,
          "answer": "0"
        }
      ],
      "id": 3
    },
    {
      "type": "multiple",
      "difficulty": "easy",
      "question": "How many teeth does an adult rabbit have?",
      "correct_answer": "28",
      "incorrect_answers": [
        {
          "id": 0,
          "answer": "30"
        },
        {
          "id": 1,
          "answer": "26"
        },
        {
          "id": 2,
          "answer": "24"
        }
      ],
      "id": 4
    },
    {
      "type": "boolean",
      "difficulty": "medium",
      "question": "&quot;Kamea,&quot; the Gilbertese Islander word for dog, is derived from the English phrase &quot;Come here!&quot;",
      "correct_answer": "True",
      "incorrect_answers": [
        {
          "id": 0,
          "answer": "False"
        }
      ],
      "id": 5
    },
    {
      "type": "multiple",
      "difficulty": "easy",
      "question": "What is the collective noun for a group of crows?",
      "correct_answer": "Murder",
      "incorrect_answers": [
        {
          "id": 0,
          "answer": "Pack"
        },
        {
          "id": 1,
          "answer": "Gaggle"
        },
        {
          "id": 2,
          "answer": "Herd"
        }
      ],
      "id": 6
    },
    {
      "type": "boolean",
      "difficulty": "easy",
      "question": "The Axolotl is an amphibian that can spend its whole life in a larval state.",
      "correct_answer": "True",
      "incorrect_answers": [
        {
          "id": 0,
          "answer": "False"
        }
      ],
      "id": 7
    },
    {
      "type": "multiple",
      "difficulty": "medium",
      "question": "What is the scientific name for the &quot;Polar Bear&quot;?",
      "correct_answer": "Ursus Maritimus",
      "incorrect_answers": [
        {
          "id": 0,
          "answer": "Polar Bear"
        },
        {
          "id": 1,
          "answer": "Ursus Spelaeus"
        },
        {
          "id": 2,
          "answer": "Ursus Arctos"
        }
      ],
      "id": 8
    },
    {
      "type": "multiple",
      "difficulty": "medium",
      "question": "What is the collective noun for bears?",
      "correct_answer": "Sloth",
      "incorrect_answers": [
        {
          "id": 0,
          "answer": "Drove"
        },
        {
          "id": 1,
          "answer": "Tribe"
        },
        {
          "id": 2,
          "answer": "Husk"
        }
      ],
      "id": 9
    },
    {
      "type": "multiple",
      "difficulty": "hard",
      "question": "To which biological phylum do all mammals, birds and reptiles belong?",
      "correct_answer": "Chordata",
      "incorrect_answers": [
        {
          "id": 0,
          "answer": "Echinodermata"
        },
        {
          "id": 1,
          "answer": "Annelida"
        },
        {
          "id": 2,
          "answer": "Placazoa"
        }
      ],
      "id": 10
    },
    {
      "type": "multiple",
      "difficulty": "hard",
      "question": "What was the name of the Ethiopian Wolf before they knew it was related to wolves?",
      "correct_answer": "Simien Jackel",
      "incorrect_answers": [
        {
          "id": 0,
          "answer": "Ethiopian Coyote"
        },
        {
          "id": 1,
          "answer": "Amharic Fox"
        },
        {
          "id": 2,
          "answer": "Canis Simiensis"
        }
      ],
      "id": 11
    },
    {
      "type": "multiple",
      "difficulty": "hard",
      "question": "What is the Gray Wolf&#039;s scientific name?",
      "correct_answer": "Canis Lupus",
      "incorrect_answers": [
        {
          "id": 0,
          "answer": "Canis Aureus"
        },
        {
          "id": 1,
          "answer": "Canis Latrans"
        },
        {
          "id": 2,
          "answer": "Canis Lupus Lycaon"
        }
      ],
      "id": 12
    },
    {
      "type": "boolean",
      "difficulty": "easy",
      "question": "The internet browser Firefox is named after the Red Panda.",
      "correct_answer": "True",
      "incorrect_answers": [
        {
          "id": 0,
          "answer": "False"
        }
      ],
      "id": 13
    },
    {
      "type": "multiple",
      "difficulty": "easy",
      "question": "What do you call a baby bat?",
      "correct_answer": "Pup",
      "incorrect_answers": [
        {
          "id": 0,
          "answer": "Cub"
        },
        {
          "id": 1,
          "answer": "Chick"
        },
        {
          "id": 2,
          "answer": "Kid"
        }
      ],
      "id": 14
    },
    {
      "type": "multiple",
      "difficulty": "easy",
      "question": "By definition, where does an abyssopelagic animal live?",
      "correct_answer": "At the bottom of the ocean",
      "incorrect_answers": [
        {
          "id": 0,
          "answer": "In the desert"
        },
        {
          "id": 1,
          "answer": "On top of a mountain"
        },
        {
          "id": 2,
          "answer": "Inside a tree"
        }
      ],
      "id": 15
    },
    {
      "type": "boolean",
      "difficulty": "easy",
      "question": "A bear does NOT defecate during hibernation. ",
      "correct_answer": "True",
      "incorrect_answers": [
        {
          "id": 0,
          "answer": "False"
        }
      ],
      "id": 16
    },
    {
      "type": "multiple",
      "difficulty": "hard",
      "question": "Which of the following is another name for the &quot;Poecilotheria Metallica Tarantula&quot;?",
      "correct_answer": "Gooty",
      "incorrect_answers": [
        {
          "id": 0,
          "answer": "Hopper"
        },
        {
          "id": 1,
          "answer": "Silver Stripe"
        },
        {
          "id": 2,
          "answer": "Woebegone"
        }
      ],
      "id": 17
    },
    {
      "type": "boolean",
      "difficulty": "medium",
      "question": "The average lifespan of a wildcat is only around 5-6 years. ",
      "correct_answer": "False",
      "incorrect_answers": [
        {
          "id": 0,
          "answer": "True"
        }
      ],
      "id": 18
    },
    {
      "type": "multiple",
      "difficulty": "hard",
      "question": "What type of creature is a Bonobo?",
      "correct_answer": "Ape",
      "incorrect_answers": [
        {
          "id": 0,
          "answer": "Lion"
        },
        {
          "id": 1,
          "answer": "Parrot"
        },
        {
          "id": 2,
          "answer": "Wildcat"
        }
      ],
      "id": 19
    },
    {
      "type": "multiple",
      "difficulty": "medium",
      "question": "What is the world&#039;s longest venomous snake?",
      "correct_answer": "King Cobra",
      "incorrect_answers": [
        {
          "id": 0,
          "answer": "Green Anaconda"
        },
        {
          "id": 1,
          "answer": "Inland Taipan"
        },
        {
          "id": 2,
          "answer": "Yellow Bellied Sea Snake"
        }
      ],
      "id": 20
    },
    {
      "type": "multiple",
      "difficulty": "medium",
      "question": "Which of these species is not extinct?",
      "correct_answer": "Komodo dragon",
      "incorrect_answers": [
        {
          "id": 0,
          "answer": "Japanese sea lion"
        },
        {
          "id": 1,
          "answer": "Tasmanian tiger"
        },
        {
          "id": 2,
          "answer": "Saudi gazelle"
        }
      ],
      "id": 21
    },
    {
      "type": "boolean",
      "difficulty": "easy",
      "question": "The freshwater amphibian, the Axolotl, can regrow it&#039;s limbs.",
      "correct_answer": "True",
      "incorrect_answers": [
        {
          "id": 0,
          "answer": "False"
        }
      ],
      "id": 22
    },
    {
      "type": "multiple",
      "difficulty": "easy",
      "question": "What is the scientific name for modern day humans?",
      "correct_answer": "Homo Sapiens",
      "incorrect_answers": [
        {
          "id": 0,
          "answer": "Homo Ergaster"
        },
        {
          "id": 1,
          "answer": "Homo Erectus"
        },
        {
          "id": 2,
          "answer": "Homo Neanderthalensis"
        }
      ],
      "id": 23
    },
    {
      "type": "boolean",
      "difficulty": "easy",
      "question": "A flock of crows is known as a homicide.",
      "correct_answer": "False",
      "incorrect_answers": [
        {
          "id": 0,
          "answer": "True"
        }
      ],
      "id": 24
    },
    {
      "type": "boolean",
      "difficulty": "easy",
      "question": "Cats have whiskers under their legs.",
      "correct_answer": "True",
      "incorrect_answers": [
        {
          "id": 0,
          "answer": "False"
        }
      ],
      "id": 25
    },
    {
      "type": "multiple",
      "difficulty": "medium",
      "question": "What dog bread is one of the oldest breeds of dog and has flourished since before 400 BCE.",
      "correct_answer": "Pugs",
      "incorrect_answers": [
        {
          "id": 0,
          "answer": "Bulldogs"
        },
        {
          "id": 1,
          "answer": "Boxers"
        },
        {
          "id": 2,
          "answer": "Chihuahua"
        }
      ],
      "id": 26
    },
    {
      "type": "multiple",
      "difficulty": "medium",
      "question": "What is the fastest animal?",
      "correct_answer": "Peregrine Falcon",
      "incorrect_answers": [
        {
          "id": 0,
          "answer": "Golden Eagle"
        },
        {
          "id": 1,
          "answer": "Cheetah"
        },
        {
          "id": 2,
          "answer": "Horsefly"
        }
      ],
      "id": 27
    },
    {
      "type": "multiple",
      "difficulty": "hard",
      "question": "Which species of Brown Bear is not extinct?",
      "correct_answer": "Syrian Brown Bear",
      "incorrect_answers": [
        {
          "id": 0,
          "answer": "California Grizzly Bear"
        },
        {
          "id": 1,
          "answer": "Atlas Bear"
        },
        {
          "id": 2,
          "answer": "Mexican Grizzly Bear"
        }
      ],
      "id": 28
    },
    {
      "type": "multiple",
      "difficulty": "easy",
      "question": "What is the name of a rabbit&#039;s abode?",
      "correct_answer": "Burrow",
      "incorrect_answers": [
        {
          "id": 0,
          "answer": "Nest"
        },
        {
          "id": 1,
          "answer": "Den"
        },
        {
          "id": 2,
          "answer": "Dray"
        }
      ],
      "id": 29
    },
    {
      "type": "multiple",
      "difficulty": "medium",
      "question": "For what reason would a spotted hyena &quot;laugh&quot;?",
      "correct_answer": "Nervousness",
      "incorrect_answers": [
        {
          "id": 0,
          "answer": "Excitement"
        },
        {
          "id": 1,
          "answer": "Aggression"
        },
        {
          "id": 2,
          "answer": "Exhaustion"
        }
      ],
      "id": 30
    },
    {
      "type": "multiple",
      "difficulty": "hard",
      "question": "How many known living species of hyenas are there?",
      "correct_answer": "4",
      "incorrect_answers": [
        {
          "id": 0,
          "answer": "8"
        },
        {
          "id": 1,
          "answer": "2"
        },
        {
          "id": 2,
          "answer": "6"
        }
      ],
      "id": 31
    },
    {
      "type": "multiple",
      "difficulty": "hard",
      "question": "Which of these animals is NOT a lizard?",
      "correct_answer": "Tuatara",
      "incorrect_answers": [
        {
          "id": 0,
          "answer": "Komodo Dragon"
        },
        {
          "id": 1,
          "answer": "Gila Monster"
        },
        {
          "id": 2,
          "answer": "Green Iguana"
        }
      ],
      "id": 32
    },
    {
      "type": "multiple",
      "difficulty": "medium",
      "question": "The dish Fugu, is made from what family of fish?",
      "correct_answer": "Pufferfish",
      "incorrect_answers": [
        {
          "id": 0,
          "answer": "Bass"
        },
        {
          "id": 1,
          "answer": "Salmon"
        },
        {
          "id": 2,
          "answer": "Mackerel"
        }
      ],
      "id": 33
    },
    {
      "type": "multiple",
      "difficulty": "easy",
      "question": "What is the fastest  land animal?",
      "correct_answer": "Cheetah",
      "incorrect_answers": [
        {
          "id": 0,
          "answer": "Lion"
        },
        {
          "id": 1,
          "answer": "Thomson&rsquo;s Gazelle"
        },
        {
          "id": 2,
          "answer": "Pronghorn Antelope"
        }
      ],
      "id": 34
    },
    {
      "type": "multiple",
      "difficulty": "medium",
      "question": "Cashmere is the wool from which kind of animal?",
      "correct_answer": "Goat",
      "incorrect_answers": [
        {
          "id": 0,
          "answer": "Sheep"
        },
        {
          "id": 1,
          "answer": "Camel"
        },
        {
          "id": 2,
          "answer": "Llama"
        }
      ],
      "id": 35
    },
    {
      "type": "multiple",
      "difficulty": "hard",
      "question": "What scientific family does the Aardwolf belong to?",
      "correct_answer": "Hyaenidae",
      "incorrect_answers": [
        {
          "id": 0,
          "answer": "Canidae"
        },
        {
          "id": 1,
          "answer": "Felidae"
        },
        {
          "id": 2,
          "answer": "Eupleridae"
        }
      ],
      "id": 36
    },
    {
      "type": "boolean",
      "difficulty": "easy",
      "question": "A caterpillar has more muscles than humans do.",
      "correct_answer": "True",
      "incorrect_answers": [
        {
          "id": 0,
          "answer": "False"
        }
      ],
      "id": 37
    },
    {
      "type": "multiple",
      "difficulty": "medium",
      "question": "What are rhino&#039;s horn made of?",
      "correct_answer": "Keratin",
      "incorrect_answers": [
        {
          "id": 0,
          "answer": "Bone"
        },
        {
          "id": 1,
          "answer": "Ivory"
        },
        {
          "id": 2,
          "answer": "Skin"
        }
      ],
      "id": 38
    },
    {
      "type": "multiple",
      "difficulty": "medium",
      "question": "What is the name of the family that the domestic cat is a member of?",
      "correct_answer": "Felidae",
      "incorrect_answers": [
        {
          "id": 0,
          "answer": "Felinae"
        },
        {
          "id": 1,
          "answer": "Felis"
        },
        {
          "id": 2,
          "answer": "Cat"
        }
      ],
      "id": 39
    },
    {
      "type": "boolean",
      "difficulty": "easy",
      "question": "Rabbits can see what&#039;s behind themselves without turning their heads.",
      "correct_answer": "True",
      "incorrect_answers": [
        {
          "id": 0,
          "answer": "False"
        }
      ],
      "id": 40
    },
    {
      "type": "boolean",
      "difficulty": "easy",
      "question": "A slug&rsquo;s blood is green.",
      "correct_answer": "True",
      "incorrect_answers": [
        {
          "id": 0,
          "answer": "False"
        }
      ],
      "id": 41
    },
    {
      "type": "boolean",
      "difficulty": "easy",
      "question": "The Killer Whale is considered a type of dolphin.",
      "correct_answer": "True",
      "incorrect_answers": [
        {
          "id": 0,
          "answer": "False"
        }
      ],
      "id": 42
    },
    {
      "type": "multiple",
      "difficulty": "easy",
      "question": "Hippocampus is the Latin name for which marine creature?",
      "correct_answer": "Seahorse",
      "incorrect_answers": [
        {
          "id": 0,
          "answer": "Dolphin"
        },
        {
          "id": 1,
          "answer": "Whale"
        },
        {
          "id": 2,
          "answer": "Octopus"
        }
      ],
      "id": 43
    },
    {
      "type": "multiple",
      "difficulty": "easy",
      "question": "What is Grumpy Cat&#039;s real name?",
      "correct_answer": "Tardar Sauce",
      "incorrect_answers": [
        {
          "id": 0,
          "answer": "Sauce"
        },
        {
          "id": 1,
          "answer": "Minnie"
        },
        {
          "id": 2,
          "answer": "Broccoli"
        }
      ],
      "id": 44
    },
    {
      "type": "multiple",
      "difficulty": "medium",
      "question": "What is the scientific name of the Common Chimpanzee?",
      "correct_answer": "Pan troglodytes",
      "incorrect_answers": [
        {
          "id": 0,
          "answer": "Gorilla gorilla"
        },
        {
          "id": 1,
          "answer": "Pan paniscus"
        },
        {
          "id": 2,
          "answer": "Panthera leo"
        }
      ],
      "id": 45
    },
    {
      "type": "multiple",
      "difficulty": "hard",
      "question": "Which of these is a colony of polyps and not a jellyfish?",
      "correct_answer": "Portuguese Man-of-War",
      "incorrect_answers": [
        {
          "id": 0,
          "answer": "Sea Wasp"
        },
        {
          "id": 1,
          "answer": "Irukandji"
        },
        {
          "id": 2,
          "answer": "Sea Nettle"
        }
      ],
      "id": 46
    },
    {
      "type": "multiple",
      "difficulty": "hard",
      "question": "What is the scientific name of the Budgerigar?",
      "correct_answer": "Melopsittacus undulatus",
      "incorrect_answers": [
        {
          "id": 0,
          "answer": "Nymphicus hollandicus"
        },
        {
          "id": 1,
          "answer": "Pyrrhura molinae"
        },
        {
          "id": 2,
          "answer": "Ara macao"
        }
      ],
      "id": 47
    },
    {
      "type": "multiple",
      "difficulty": "medium",
      "question": "What does &quot;hippopotamus&quot; mean and in what langauge?",
      "correct_answer": "River Horse (Greek)",
      "incorrect_answers": [
        {
          "id": 0,
          "answer": "River Horse (Latin)"
        },
        {
          "id": 1,
          "answer": "Fat Pig (Greek)"
        },
        {
          "id": 2,
          "answer": "Fat Pig (Latin)"
        }
      ],
      "id": 48
    },
    {
      "type": "multiple",
      "difficulty": "easy",
      "question": "Which class of animals are newts members of?",
      "correct_answer": "Amphibian",
      "incorrect_answers": [
        {
          "id": 0,
          "answer": "Fish"
        },
        {
          "id": 1,
          "answer": "Reptiles"
        },
        {
          "id": 2,
          "answer": "Mammals"
        }
      ],
      "id": 49
    },
    {
      "type": "multiple",
      "difficulty": "hard",
      "question": "What is the name of the copper-rich protein that creates the blue blood in the Antarctic octopus?",
      "correct_answer": "Hemocyanin",
      "incorrect_answers": [
        {
          "id": 0,
          "answer": "Cytochrome"
        },
        {
          "id": 1,
          "answer": "Iron"
        },
        {
          "id": 2,
          "answer": "Methionine"
        }
      ],
      "id": 50
    },
    {
      "type": "multiple",
      "difficulty": "hard",
      "question": "Unlike on most salamanders, this part of a newt is flat?",
      "correct_answer": "Tail",
      "incorrect_answers": [
        {
          "id": 0,
          "answer": "Head"
        },
        {
          "id": 1,
          "answer": "Teeth"
        },
        {
          "id": 2,
          "answer": "Feet"
        }
      ],
      "id": 51
    },
    {
      "type": "boolean",
      "difficulty": "medium",
      "question": "Tigers have one colour of skin despite the stripey fur.",
      "correct_answer": "False",
      "incorrect_answers": [
        {
          "id": 0,
          "answer": "True"
        }
      ],
      "id": 52
    },
    {
      "type": "multiple",
      "difficulty": "hard",
      "question": "Which species is a &quot;mountain chicken&quot;?",
      "correct_answer": "Frog",
      "incorrect_answers": [
        {
          "id": 0,
          "answer": "Chicken"
        },
        {
          "id": 1,
          "answer": "Horse"
        },
        {
          "id": 2,
          "answer": "Fly"
        }
      ],
      "id": 53
    },
    {
      "type": "multiple",
      "difficulty": "medium",
      "question": "&quot;Decapods&quot; are an order of ten-footed crustaceans.  Which of these are NOT decapods?",
      "correct_answer": "Krill",
      "incorrect_answers": [
        {
          "id": 0,
          "answer": "Lobsters"
        },
        {
          "id": 1,
          "answer": "Shrimp"
        },
        {
          "id": 2,
          "answer": "Crabs"
        }
      ],
      "id": 54
    },
    {
      "type": "boolean",
      "difficulty": "medium",
      "question": "The Platypus is a mammal.",
      "correct_answer": "True",
      "incorrect_answers": [
        {
          "id": 0,
          "answer": "False"
        }
      ],
      "id": 55
    },
    {
      "type": "boolean",
      "difficulty": "medium",
      "question": "An octopus can fit through any hole larger than its beak.",
      "correct_answer": "True",
      "incorrect_answers": [
        {
          "id": 0,
          "answer": "False"
        }
      ],
      "id": 56
    },
    {
      "type": "multiple",
      "difficulty": "hard",
      "question": "What scientific suborder does the family Hyaenidae belong to?",
      "correct_answer": "Feliformia",
      "incorrect_answers": [
        {
          "id": 0,
          "answer": "Haplorhini"
        },
        {
          "id": 1,
          "answer": "Caniformia"
        },
        {
          "id": 2,
          "answer": "Ciconiiformes"
        }
      ],
      "id": 57
    },
    {
      "type": "boolean",
      "difficulty": "medium",
      "question": "The Ceratosaurus, a dinosaur known for having a horn on the top of its nose, is also known to be a decendent of the Tyrannosaurus Rex.",
      "correct_answer": "False",
      "incorrect_answers": [
        {
          "id": 0,
          "answer": "True"
        }
      ],
      "id": 58
    },
    {
      "type": "multiple",
      "difficulty": "medium",
      "question": "What is the name for a male bee that comes from an unfertilized egg?",
      "correct_answer": "Drone",
      "incorrect_answers": [
        {
          "id": 0,
          "answer": "Soldier"
        },
        {
          "id": 1,
          "answer": "Worker"
        },
        {
          "id": 2,
          "answer": "Male"
        }
      ],
      "id": 59
    },
    {
      "type": "multiple",
      "difficulty": "hard",
      "question": "What is the scientific name of the cheetah?",
      "correct_answer": "Acinonyx jubatus",
      "incorrect_answers": [
        {
          "id": 0,
          "answer": "Panthera onca"
        },
        {
          "id": 1,
          "answer": "Lynx rufus"
        },
        {
          "id": 2,
          "answer": "Felis catus"
        }
      ],
      "id": 60
    },
    {
      "type": "multiple",
      "difficulty": "medium",
      "question": "A carnivorous animal eats flesh, what does a nucivorous animal eat?",
      "correct_answer": "Nuts",
      "incorrect_answers": [
        {
          "id": 0,
          "answer": "Nothing"
        },
        {
          "id": 1,
          "answer": "Fruit"
        },
        {
          "id": 2,
          "answer": "Seaweed"
        }
      ],
      "id": 61
    },
    {
      "type": "multiple",
      "difficulty": "medium",
      "question": "The now extinct species &quot;Thylacine&quot; was native to where?",
      "correct_answer": "Tasmania, Australia",
      "incorrect_answers": [
        {
          "id": 0,
          "answer": "Baluchistan, Pakistan"
        },
        {
          "id": 1,
          "answer": "Wallachia, Romania"
        },
        {
          "id": 2,
          "answer": "Oregon, United States"
        }
      ],
      "id": 62
    },
    {
      "type": "boolean",
      "difficulty": "medium",
      "question": "You can tell the age of a ladybird by counting the spots on his back.",
      "correct_answer": "False",
      "incorrect_answers": [
        {
          "id": 0,
          "answer": "True"
        }
      ],
      "id": 63
    },
    {
      "type": "multiple",
      "difficulty": "medium",
      "question": "Which animal was part of an Russian domestication experiment in 1959?",
      "correct_answer": "Foxes",
      "incorrect_answers": [
        {
          "id": 0,
          "answer": "Pigeons"
        },
        {
          "id": 1,
          "answer": "Bears"
        },
        {
          "id": 2,
          "answer": "Alligators"
        }
      ],
      "id": 64
    },
    {
      "type": "multiple",
      "difficulty": "medium",
      "question": "What type of animal is a natterjack?",
      "correct_answer": "Toad",
      "incorrect_answers": [
        {
          "id": 0,
          "answer": "Bird"
        },
        {
          "id": 1,
          "answer": "Fish"
        },
        {
          "id": 2,
          "answer": "Insect"
        }
      ],
      "id": 65
    },
    {
      "type": "boolean",
      "difficulty": "easy",
      "question": "Rabbits are carnivores.",
      "correct_answer": "False",
      "incorrect_answers": [
        {
          "id": 0,
          "answer": "True"
        }
      ],
      "id": 66
    },
    {
      "type": "boolean",
      "difficulty": "easy",
      "question": "Rabbits are rodents.",
      "correct_answer": "False",
      "incorrect_answers": [
        {
          "id": 0,
          "answer": "True"
        }
      ],
      "id": 67
    },
    {
      "type": "multiple",
      "difficulty": "easy",
      "question": "What colour is the female blackbird?",
      "correct_answer": "Brown",
      "incorrect_answers": [
        {
          "id": 0,
          "answer": "Black"
        },
        {
          "id": 1,
          "answer": "White"
        },
        {
          "id": 2,
          "answer": "Yellow"
        }
      ],
      "id": 68
    },
    {
      "type": "multiple",
      "difficulty": "easy",
      "question": "The Kākāpō is a large, flightless, nocturnal parrot native to which country?",
      "correct_answer": "New Zealand",
      "incorrect_answers": [
        {
          "id": 0,
          "answer": "South Africa"
        },
        {
          "id": 1,
          "answer": "Australia"
        },
        {
          "id": 2,
          "answer": "Madagascar"
        }
      ],
      "id": 69
    },
    {
      "type": "boolean",
      "difficulty": "medium",
      "question": "Finnish Lapphund dogs were used for herding reindeer.",
      "correct_answer": "True",
      "incorrect_answers": [
        {
          "id": 0,
          "answer": "False"
        }
      ],
      "id": 70
    },
    {
      "type": "multiple",
      "difficulty": "hard",
      "question": "What is the collective noun for vultures?",
      "correct_answer": "Wake",
      "incorrect_answers": [
        {
          "id": 0,
          "answer": "Ambush"
        },
        {
          "id": 1,
          "answer": "Building"
        },
        {
          "id": 2,
          "answer": "Gaze"
        }
      ],
      "id": 71
    },
    {
      "type": "multiple",
      "difficulty": "medium",
      "question": "What is the common term for bovine spongiform encephalopathy (BSE)?",
      "correct_answer": "Mad Cow disease",
      "incorrect_answers": [
        {
          "id": 0,
          "answer": "Weil&#039;s disease"
        },
        {
          "id": 1,
          "answer": "Milk fever"
        },
        {
          "id": 2,
          "answer": "Foot-and-mouth disease"
        }
      ],
      "id": 72
    },
    {
      "type": "multiple",
      "difficulty": "medium",
      "question": "What is the collective noun for rats?",
      "correct_answer": "Mischief",
      "incorrect_answers": [
        {
          "id": 0,
          "answer": "Pack"
        },
        {
          "id": 1,
          "answer": "Race"
        },
        {
          "id": 2,
          "answer": "Drift"
        }
      ],
      "id": 73
    },
    {
      "type": "boolean",
      "difficulty": "easy",
      "question": "Kangaroos keep food in their pouches next to their children.",
      "correct_answer": "False",
      "incorrect_answers": [
        {
          "id": 0,
          "answer": "True"
        }
      ],
      "id": 74
    }
  ]
}